Entity,Year,Gini coefficient,Continent
Abkhazia,2015,,Asia
Afghanistan,2015,,Asia
Akrotiri and Dhekelia,2015,,Asia
Aland Islands,2015,,Europe
Albania,1996,0.27010342,
Albania,2002,0.3173898,
Albania,2005,0.30595654,
Albania,2008,0.2998467,
Albania,2012,0.28960484,
Albania,2014,0.34598896,
Albania,2015,0.32753733,Europe
Albania,2016,0.33736297,
Albania,2017,0.33055663,
Albania,2018,0.30148283,
Albania,2019,0.30115768,
Albania,2020,0.2941963,
Algeria,1988,0.37356994,
Algeria,1995,0.35330054,
Algeria,2011,0.27615732,
Algeria,2015,,Africa
American Samoa,2015,,Oceania
Andorra,2015,,Europe
Angola,2000,0.5194472,
Angola,2008,0.42715514,
Angola,2015,,Africa
Angola,2018,0.51263994,
Anguilla,2015,,North America
Antarctica,2015,,Antarctica
Antigua and Barbuda,2015,,North America
Argentina,2015,,South America
Argentina (urban),1980,0.4083086,
Argentina (urban),1986,0.42797783,
Argentina (urban),1987,0.4526751,
Argentina (urban),1991,0.46754456,
Argentina (urban),1992,0.45455167,
Argentina (urban),1993,0.4484342,
Argentina (urban),1994,0.458985,
Argentina (urban),1995,0.4887874,
Argentina (urban),1996,0.49491405,
Argentina (urban),1997,0.4908586,
Argentina (urban),1998,0.50713223,
Argentina (urban),1999,0.49766296,
Argentina (urban),2000,0.5103861,
Argentina (urban),2001,0.53294307,
Argentina (urban),2002,0.5376044,
Argentina (urban),2003,0.5099472,
Argentina (urban),2004,0.48483652,
Argentina (urban),2005,0.47810388,
Argentina (urban),2006,0.46444556,
Argentina (urban),2007,0.4628268,
Argentina (urban),2008,0.4498683,
Argentina (urban),2009,0.43759,
Argentina (urban),2010,0.43676597,
Argentina (urban),2011,0.42737958,
Argentina (urban),2012,0.41437393,
Argentina (urban),2013,0.41086507,
Argentina (urban),2014,0.4182253,
Argentina (urban),2016,0.42345047,
Argentina (urban),2017,0.41434836,
Argentina (urban),2018,0.41719007,
Argentina (urban),2019,0.43314177,
Argentina (urban),2020,0.42743757,
Argentina (urban),2021,0.4244559,
Argentina (urban),2022,0.40736493,
Armenia,1999,0.36219725,
Armenia,2001,0.3536436,
Armenia,2002,0.34779674,
Armenia,2003,0.33028087,
Armenia,2004,0.37505633,
Armenia,2005,0.35992354,
Armenia,2006,0.29709986,
Armenia,2007,0.31226057,
Armenia,2008,0.2918814,
Armenia,2009,0.2801588,
Armenia,2010,0.29992583,
Armenia,2011,0.29352945,
Armenia,2012,0.29602262,
Armenia,2013,0.30579662,
Armenia,2014,0.3148329,
Armenia,2015,0.32356772,Asia
Armenia,2016,0.32547948,
Armenia,2017,0.3362184,
Armenia,2018,0.344335,
Armenia,2019,0.30031213,
Armenia,2020,0.25131604,
Armenia,2021,0.2794013,
Armenia,2022,0.27945295,
Aruba,2015,,North America
Australia,1981,0.31324756,
Australia,1985,0.3249643,
Australia,1989,0.33151928,
Australia,1995,0.3257863,
Australia,2001,0.33462042,
Australia,2003,0.3349686,
Australia,2004,0.3305577,
Australia,2008,0.3542851,
Australia,2010,0.34656727,
Australia,2014,0.34398198,
Australia,2015,,Oceania
Australia,2016,0.33685225,
Australia,2018,0.34332561,
Austria,1994,0.3082802,
Austria,1995,0.29914328,
Austria,1996,0.29317808,
Austria,1997,0.29065368,
Austria,1998,0.31340772,
Austria,1999,0.2967054,
Austria,2000,0.28964692,
Austria,2003,0.29465577,
Austria,2004,0.29788825,
Austria,2005,0.28715184,
Austria,2006,0.29587558,
Austria,2007,0.30579385,
Austria,2008,0.30437064,
Austria,2009,0.31494802,
Austria,2010,0.3025161,
Austria,2011,0.30801,
Austria,2012,0.30475533,
Austria,2013,0.30752888,
Austria,2014,0.3053535,
Austria,2015,0.30530685,Europe
Austria,2016,0.3079501,
Austria,2017,0.2973688,
Austria,2018,0.30847305,
Austria,2019,0.3021043,
Austria,2020,0.29800606,
Austria,2021,0.30701602,
Austria-Hungary,2015,,Europe
Azerbaijan,1995,0.3464838,
Azerbaijan,2001,0.36454937,
Azerbaijan,2002,0.25277665,
Azerbaijan,2003,0.2683288,
Azerbaijan,2004,0.26621592,
Azerbaijan,2005,0.26554906,
Azerbaijan,2015,,Asia
Baden,2015,,Europe
Bahamas,2015,,North America
Bahrain,2015,,Asia
Bangladesh,1983,0.2587649,
Bangladesh,1985,0.26917496,
Bangladesh,1988,0.28846547,
Bangladesh,1991,0.27570805,
Bangladesh,1995,0.32942984,
Bangladesh,2000,0.33406532,
Bangladesh,2005,0.33201292,
Bangladesh,2010,0.32130313,
Bangladesh,2015,,Asia
Bangladesh,2016,0.32385272,
Bangladesh,2022,0.33373156,
Barbados,2015,,North America
Bavaria,2015,,Europe
Belarus,1998,0.3201835,
Belarus,1999,0.31738147,
Belarus,2000,0.31167483,
Belarus,2001,0.30576724,
Belarus,2002,0.30336243,
Belarus,2003,0.28821012,
Belarus,2004,0.26479885,
Belarus,2005,0.2755341,
Belarus,2006,0.28275442,
Belarus,2007,0.2961238,
Belarus,2008,0.27826044,
Belarus,2009,0.27689305,
Belarus,2010,0.285666,
Belarus,2011,0.2715255,
Belarus,2012,0.26526198,
Belarus,2013,0.26575053,
Belarus,2014,0.27176666,
Belarus,2015,0.25633225,Europe
Belarus,2016,0.25306615,
Belarus,2017,0.2544457,
Belarus,2018,0.25240526,
Belarus,2019,0.25277847,
Belarus,2020,0.24383356,
Belgium,1985,0.2520385,
Belgium,1988,0.25711522,
Belgium,1992,0.2494629,
Belgium,1995,0.28410766,
Belgium,1997,0.2683214,
Belgium,2000,0.33135915,
Belgium,2003,0.28143317,
Belgium,2004,0.30541426,
Belgium,2005,0.29336902,
Belgium,2006,0.28054035,
Belgium,2007,0.29237667,
Belgium,2008,0.28373718,
Belgium,2009,0.28551185,
Belgium,2010,0.28374815,
Belgium,2011,0.2806043,
Belgium,2012,0.27490476,
Belgium,2013,0.27668843,
Belgium,2014,0.28134006,
Belgium,2015,0.27729303,Europe
Belgium,2016,0.2758073,
Belgium,2017,0.27387637,
Belgium,2018,0.2721419,
Belgium,2019,0.27219546,
Belgium,2020,0.2595828,
Belgium,2021,0.2657763,
Belize,1993,0.6022769,
Belize,1994,0.60867983,
Belize,1996,0.5654803,
Belize,1997,0.6035009,
Belize,1998,0.54866445,
Belize,1999,0.5323102,
Belize,2015,,North America
Benin,2003,0.3857762,
Benin,2011,0.43439555,
Benin,2015,0.4762964,Africa
Benin,2018,0.37948644,
Benin,2021,0.34395808,
Bermuda,2015,,North America
Bhutan,2003,0.40898,
Bhutan,2007,0.3809077,
Bhutan,2012,0.38809326,
Bhutan,2015,,Asia
Bhutan,2017,0.3744141,
Bhutan,2022,0.2845992,
Bolivia,1997,0.5814129,
Bolivia,1999,0.5803485,
Bolivia,2000,0.61563873,
Bolivia,2001,0.57366186,
Bolivia,2002,0.59274095,
Bolivia,2004,0.5500019,
Bolivia,2005,0.58518255,
Bolivia,2006,0.56660104,
Bolivia,2007,0.5453242,
Bolivia,2008,0.50814897,
Bolivia,2009,0.4922026,
Bolivia,2011,0.46080348,
Bolivia,2012,0.46579948,
Bolivia,2013,0.47588572,
Bolivia,2014,0.47829148,
Bolivia,2015,0.46731615,South America
Bolivia,2016,0.45240772,
Bolivia,2017,0.4461778,
Bolivia,2018,0.4257908,
Bolivia,2019,0.416443,
Bolivia,2020,0.4364544,
Bolivia,2021,0.40913323,
Bolivia (urban),1990,0.42035723,
Bolivia (urban),1992,0.4907205,
Bonaire Sint Eustatius and Saba,2015,,North America
Bosnia and Herzegovina,2001,0.2996643,
Bosnia and Herzegovina,2004,0.3403749,
Bosnia and Herzegovina,2007,0.33061588,
Bosnia and Herzegovina,2011,0.33030185,
Bosnia and Herzegovina,2015,,Europe
Botswana,1985,0.5421201,
Botswana,1993,0.6014759,
Botswana,2002,0.6472722,
Botswana,2009,0.604583,
Botswana,2015,0.5332503,Africa
Bouvet Island,2015,,Antarctica
Brazil,1981,0.5786262,
Brazil,1982,0.5835481,
Brazil,1983,0.58902174,
Brazil,1984,0.58297414,
Brazil,1985,0.5552505,
Brazil,1986,0.5843224,
Brazil,1987,0.59642065,
Brazil,1988,0.61370975,
Brazil,1989,0.6324467,
Brazil,1990,0.6044999,
Brazil,1992,0.5310165,
Brazil,1993,0.600656,
Brazil,1995,0.59530365,
Brazil,1996,0.5983732,
Brazil,1997,0.59753734,
Brazil,1998,0.5956541,
Brazil,1999,0.5895037,
Brazil,2001,0.5840255,
Brazil,2002,0.58105445,
Brazil,2003,0.57553095,
Brazil,2004,0.564716,
Brazil,2005,0.56309944,
Brazil,2006,0.5564207,
Brazil,2007,0.54918945,
Brazil,2008,0.5403744,
Brazil,2009,0.5368187,
Brazil,2011,0.5294164,
Brazil,2012,0.53435296,
Brazil,2013,0.5268333,
Brazil,2014,0.5202964,
Brazil,2015,0.51926446,South America
Brazil,2016,0.533671,
Brazil,2017,0.53321064,
Brazil,2018,0.5388832,
Brazil,2019,0.5350931,
Brazil,2020,0.48902002,
Brazil,2021,0.52938724,
Brazil,2022,0.5201522,
British Indian Ocean Territory,2015,,Asia
British Virgin Islands,2015,,North America
Brunei,2015,,Asia
Bulgaria,1992,0.3071431,
Bulgaria,2006,0.3568935,
Bulgaria,2007,0.36095893,
Bulgaria,2008,0.33572584,
Bulgaria,2009,0.3382308,
Bulgaria,2010,0.3565347,
Bulgaria,2011,0.34275046,
Bulgaria,2012,0.36011046,
Bulgaria,2013,0.36570963,
Bulgaria,2014,0.37415925,
Bulgaria,2015,0.38564444,Europe
Bulgaria,2016,0.40589708,
Bulgaria,2017,0.40378964,
Bulgaria,2018,0.41284075,
Bulgaria,2019,0.40271127,
Bulgaria,2020,0.40523154,
Bulgaria,2021,0.3900545,
Burkina Faso,1994,0.4802524,
Burkina Faso,1998,0.49877948,
Burkina Faso,2003,0.4325128,
Burkina Faso,2009,0.39761,
Burkina Faso,2014,0.35301226,
Burkina Faso,2015,,Africa
Burkina Faso,2018,0.43016732,
Burkina Faso,2021,0.37391287,
Burundi,1992,0.3333381,
Burundi,1998,0.42059556,
Burundi,2006,0.33359864,
Burundi,2013,0.38623992,
Burundi,2015,,Africa
Burundi,2020,0.37456092,
Cambodia,2015,,Asia
Cameroon,1996,0.44446665,
Cameroon,2001,0.42136794,
Cameroon,2007,0.42820063,
Cameroon,2014,0.46640873,
Cameroon,2015,,Africa
Cameroon,2021,0.42176074,
Canada,1971,0.3724673,
Canada,1973,0.34901822,
Canada,1975,0.34087208,
Canada,1977,0.33729303,
Canada,1979,0.3346914,
Canada,1981,0.32963082,
Canada,1982,0.329306,
Canada,1984,0.33518428,
Canada,1985,0.33174872,
Canada,1986,0.3167582,
Canada,1987,0.31653875,
Canada,1988,0.31197873,
Canada,1989,0.3101252,
Canada,1990,0.31365362,
Canada,1991,0.31943396,
Canada,1992,0.3156432,
Canada,1993,0.31675926,
Canada,1994,0.3130381,
Canada,1995,0.3150958,
Canada,1996,0.32768053,
Canada,1997,0.33116943,
Canada,1998,0.33217245,
Canada,1999,0.33060935,
Canada,2000,0.33418295,
Canada,2001,0.33554783,
Canada,2002,0.3356031,
Canada,2003,0.33809465,
Canada,2004,0.33776483,
Canada,2005,0.33621806,
Canada,2006,0.3409054,
Canada,2007,0.33841008,
Canada,2008,0.33930567,
Canada,2009,0.33952153,
Canada,2010,0.33592603,
Canada,2011,0.32657078,
Canada,2012,0.33539012,
Canada,2013,0.3379898,
Canada,2014,0.33157605,
Canada,2015,0.33746484,North America
Canada,2016,0.32701823,
Canada,2017,0.33308205,
Canada,2018,0.3250927,
Canada,2019,0.31749648,
Cape Verde,2001,0.5249597,
Cape Verde,2007,0.47187388,
Cape Verde,2015,0.42381087,Africa
Cayman Islands,2015,,North America
Central African Republic,1992,0.5927244,
Central African Republic,2008,0.56177914,
Central African Republic,2015,,Africa
Central African Republic,2021,0.43027893,
Chad,2003,0.39809614,
Chad,2011,0.43319756,
Chad,2015,,Africa
Chad,2018,0.37499154,
Chad,2022,0.373575,
Channel Islands,2015,,Europe
Chile,1987,0.56193036,
Chile,1990,0.5723538,
Chile,1992,0.54806453,
Chile,1994,0.5642096,
Chile,1996,0.54868835,
Chile,1998,0.5551666,
Chile,2000,0.5275838,
Chile,2003,0.51475215,
Chile,2006,0.47706816,
Chile,2009,0.47404596,
Chile,2011,0.46868134,
Chile,2013,0.46823916,
Chile,2015,0.45343325,South America
Chile,2017,0.4526995,
Chile,2020,0.4700476,
Chile,2022,0.4304274,
China,1981,0.28164098,
China,1984,0.271023,
China,1987,0.29385957,
China,1990,0.3222662,
China,1993,0.338778,
China,1996,0.3522766,
China,1999,0.38703215,
China,2002,0.41985723,
China,2005,0.40900767,
China,2008,0.4296504,
China,2010,0.43744954,
China,2011,0.42409223,
China,2012,0.42237166,
China,2013,0.397364,
China,2014,0.39177653,
China,2015,0.38595304,Asia
China,2016,0.38480517,
China,2017,0.39075777,
China,2018,0.38497642,
China,2019,0.38168344,
China,2020,0.37090832,
China,2021,0.35743752,
China (rural),1981,0.24729232,
China (rural),1984,0.2668613,
China (rural),1987,0.29451063,
China (rural),1990,0.30475813,
China (rural),1993,0.2804393,
China (rural),1996,0.33620438,
China (rural),1999,0.35389417,
China (rural),2002,0.38019347,
China (rural),2005,0.35849202,
China (rural),2008,0.39399046,
China (rural),2010,0.4060783,
China (rural),2011,0.38497442,
China (rural),2012,0.39497343,
China (rural),2013,0.33971012,
China (rural),2014,0.3375639,
China (rural),2015,0.33242807,
China (rural),2016,0.33179837,
China (rural),2017,0.34255984,
China (rural),2018,0.33541563,
China (rural),2019,0.3267486,
China (rural),2020,0.31574252,
China (rural),2021,0.30404037,
China (urban),1981,0.18508829,
China (urban),1984,0.17744046,
China (urban),1987,0.20129786,
China (urban),1990,0.2559464,
China (urban),1993,0.2846636,
China (urban),1996,0.29089227,
China (urban),1999,0.31547564,
China (urban),2002,0.3339575,
China (urban),2005,0.3473589,
China (urban),2008,0.35154304,
China (urban),2010,0.3574452,
China (urban),2011,0.35559225,
China (urban),2012,0.3535335,
China (urban),2013,0.3668623,
China (urban),2014,0.36429673,
China (urban),2015,0.36156222,
China (urban),2016,0.36124825,
China (urban),2017,0.3694193,
China (urban),2018,0.36906132,
China (urban),2019,0.37052557,
China (urban),2020,0.36667654,
China (urban),2021,0.35652608,
Christmas Island,2015,,Asia
Cocos Islands,2015,,Asia
Colombia,1992,0.51352334,
Colombia,1996,0.5678045,
Colombia,1999,0.5853699,
Colombia,2000,0.5839443,
Colombia,2001,0.57328486,
Colombia,2002,0.56007546,
Colombia,2003,0.5357371,
Colombia,2004,0.5497496,
Colombia,2005,0.53908044,
Colombia,2008,0.5530713,
Colombia,2009,0.54283005,
Colombia,2010,0.5461688,
Colombia,2011,0.5348354,
Colombia,2012,0.52637744,
Colombia,2013,0.52625173,
Colombia,2014,0.52543414,
Colombia,2015,0.50983036,South America
Colombia,2016,0.505629,
Colombia,2017,0.4970708,
Colombia,2018,0.50410813,
Colombia,2019,0.5132595,
Colombia,2020,0.53488696,
Colombia,2021,0.5511767,
Colombia,2022,0.5481926,
Colombia (urban),1980,0.5509124,
Colombia (urban),1988,0.53106165,
Colombia (urban),1989,0.528438,
Colombia (urban),1991,0.51318896,
Comoros,2004,0.5592444,
Comoros,2014,0.45332918,
Comoros,2015,,Africa
Congo,2005,0.4732929,
Congo,2011,0.48937136,
Congo,2015,,Africa
Cook Islands,2015,,Oceania
Costa Rica,1981,0.47494763,
Costa Rica,1986,0.34414107,
Costa Rica,1989,0.4546724,
Costa Rica,1990,0.45215893,
Costa Rica,1991,0.46555334,
Costa Rica,1992,0.4564088,
Costa Rica,1993,0.45928076,
Costa Rica,1994,0.4670296,
Costa Rica,1995,0.45660135,
Costa Rica,1996,0.46479103,
Costa Rica,1997,0.45579028,
Costa Rica,1998,0.45638052,
Costa Rica,1999,0.4763139,
Costa Rica,2000,0.47410414,
Costa Rica,2001,0.515062,
Costa Rica,2002,0.51812834,
Costa Rica,2003,0.49300545,
Costa Rica,2004,0.4841771,
Costa Rica,2005,0.47510344,
Costa Rica,2006,0.4928061,
Costa Rica,2007,0.4931286,
Costa Rica,2008,0.48640883,
Costa Rica,2009,0.5055479,
Costa Rica,2010,0.48043102,
Costa Rica,2011,0.4875928,
Costa Rica,2012,0.4841734,
Costa Rica,2013,0.49151823,
Costa Rica,2014,0.4863214,
Costa Rica,2015,0.48374,North America
Costa Rica,2016,0.48704153,
Costa Rica,2017,0.4834524,
Costa Rica,2018,0.47970015,
Costa Rica,2019,0.4818988,
Costa Rica,2020,0.4924514,
Costa Rica,2021,0.48678052,
Costa Rica,2022,0.47151324,
Costa Rica,2023,0.46729344,
Cote d'Ivoire,1985,0.45521352,
Cote d'Ivoire,1986,0.37969762,
Cote d'Ivoire,1987,0.4050912,
Cote d'Ivoire,1988,0.36886287,
Cote d'Ivoire,1992,0.393822,
Cote d'Ivoire,1995,0.40563822,
Cote d'Ivoire,1998,0.38957423,
Cote d'Ivoire,2008,0.43179876,
Cote d'Ivoire,2015,0.41468868,Africa
Cote d'Ivoire,2018,0.37168875,
Cote d'Ivoire,2021,0.35275364,
Croatia,1988,0.22780727,
Croatia,2009,0.3255369,
Croatia,2010,0.32373103,
Croatia,2011,0.32254267,
Croatia,2012,0.324717,
Croatia,2013,0.3199227,
Croatia,2014,0.32102978,
Croatia,2015,0.31113166,Europe
Croatia,2016,0.30897906,
Croatia,2017,0.30352312,
Croatia,2018,0.29728642,
Croatia,2019,0.28908294,
Croatia,2020,0.29543322,
Croatia,2021,0.28895962,
Cuba,2015,,North America
Curacao,2015,,North America
Cyprus,2004,0.30089056,
Cyprus,2005,0.30259413,
Cyprus,2006,0.31125963,
Cyprus,2007,0.31113273,
Cyprus,2008,0.31708607,
Cyprus,2009,0.32108265,
Cyprus,2010,0.3145779,
Cyprus,2011,0.326255,
Cyprus,2012,0.34312433,
Cyprus,2013,0.37041834,
Cyprus,2014,0.35565287,
Cyprus,2015,0.33966377,Europe
Cyprus,2016,0.32891682,
Cyprus,2017,0.31416234,
Cyprus,2018,0.32739753,
Cyprus,2019,0.3122325,
Cyprus,2020,0.31727943,
Cyprus,2021,0.3125177,
Czechia,1992,0.20703283,
Czechia,1993,0.2655349,
Czechia,1996,0.2579901,
Czechia,2002,0.26555094,
Czechia,2004,0.2753318,
Czechia,2005,0.26946017,
Czechia,2006,0.26744118,
Czechia,2007,0.25998646,
Czechia,2008,0.26280212,
Czechia,2009,0.26156676,
Czechia,2010,0.26623514,
Czechia,2011,0.26381272,
Czechia,2012,0.26109937,
Czechia,2013,0.26473904,
Czechia,2014,0.25923222,
Czechia,2015,0.25867426,Europe
Czechia,2016,0.25406334,
Czechia,2017,0.2485221,
Czechia,2018,0.24990341,
Czechia,2019,0.25262198,
Czechia,2020,0.26245132,
Czechia,2021,0.26202103,
Czechoslovakia,2015,,Europe
Democratic Republic of Congo,2004,0.41642156,
Democratic Republic of Congo,2012,0.42075598,
Democratic Republic of Congo,2015,,Africa
Democratic Republic of Congo,2020,0.44674513,
Denmark,1987,0.26232305,
Denmark,1992,0.2469101,
Denmark,1995,0.22955896,
Denmark,2000,0.2376632,
Denmark,2003,0.2563103,
Denmark,2004,0.24911784,
Denmark,2005,0.2518638,
Denmark,2006,0.25913078,
Denmark,2007,0.26184258,
Denmark,2008,0.2524627,
Denmark,2009,0.26701188,
Denmark,2010,0.2719856,
Denmark,2011,0.27311745,
Denmark,2012,0.2779075,
Denmark,2013,0.28542534,
Denmark,2014,0.2835288,
Denmark,2015,0.28177238,Europe
Denmark,2016,0.28187442,
Denmark,2017,0.28746662,
Denmark,2018,0.2816572,
Denmark,2019,0.27723306,
Denmark,2020,0.27503932,
Denmark,2021,0.28323486,
Djibouti,2002,0.39997312,
Djibouti,2012,0.45104358,
Djibouti,2013,0.44117805,
Djibouti,2015,,Africa
Djibouti,2017,0.41585726,
Dominica,2015,,North America
Dominican Republic,1986,0.47780794,
Dominican Republic,1989,0.5044813,
Dominican Republic,1992,0.5105286,
Dominican Republic,1996,0.47418755,
Dominican Republic,1997,0.48901546,
Dominican Republic,2000,0.5151364,
Dominican Republic,2001,0.49998924,
Dominican Republic,2002,0.49671522,
Dominican Republic,2003,0.5211965,
Dominican Republic,2004,0.52049935,
Dominican Republic,2005,0.499648,
Dominican Republic,2006,0.51961064,
Dominican Republic,2007,0.48855126,
Dominican Republic,2008,0.48107398,
Dominican Republic,2009,0.48875645,
Dominican Republic,2010,0.47325817,
Dominican Republic,2011,0.47706884,
Dominican Republic,2012,0.46133503,
Dominican Republic,2013,0.47656393,
Dominican Republic,2014,0.442794,
Dominican Republic,2015,0.4518094,North America
Dominican Republic,2016,0.45722562,
Dominican Republic,2017,0.42192984,
Dominican Republic,2018,0.436861,
Dominican Republic,2019,0.41917086,
Dominican Republic,2020,0.39628294,
Dominican Republic,2021,0.38529298,
Dominican Republic,2022,0.36979377,
East Germany,2015,,Europe
East Timor,2001,0.35935292,
East Timor,2007,0.27823317,
East Timor,2014,0.28652927,
East Timor,2015,,Asia
Ecuador,1994,0.5333033,
Ecuador,1999,0.5857073,
Ecuador,2000,0.5629919,
Ecuador,2003,0.5351386,
Ecuador,2004,0.53889215,
Ecuador,2005,0.53049964,
Ecuador,2006,0.5224719,
Ecuador,2007,0.53354627,
Ecuador,2008,0.49787596,
Ecuador,2009,0.48498443,
Ecuador,2010,0.48799783,
Ecuador,2011,0.45871222,
Ecuador,2012,0.46109366,
Ecuador,2013,0.46862358,
Ecuador,2014,0.4499254,
Ecuador,2015,0.459508,South America
Ecuador,2016,0.4501621,
Ecuador,2017,0.44669914,
Ecuador,2018,0.45437902,
Ecuador,2019,0.45709932,
Ecuador,2020,0.47309554,
Ecuador,2021,0.45797464,
Ecuador,2022,0.45465034,
Ecuador,2023,0.44579506,
Ecuador (urban),1987,0.5048004,
Ecuador (urban),1995,0.50827104,
Ecuador (urban),1998,0.4960427,
Egypt,1990,0.3200394,
Egypt,1995,0.3008284,
Egypt,1999,0.30834845,
Egypt,2004,0.31847546,
Egypt,2008,0.31102437,
Egypt,2010,0.30191457,
Egypt,2012,0.28292203,
Egypt,2015,0.31823358,Africa
Egypt,2017,0.31533954,
Egypt,2019,0.31893092,
El Salvador,1989,0.48715472,
El Salvador,1991,0.53793645,
El Salvador,1995,0.49848166,
El Salvador,1996,0.5095812,
El Salvador,1998,0.54378504,
El Salvador,1999,0.5208074,
El Salvador,2000,0.5146378,
El Salvador,2001,0.5134745,
El Salvador,2002,0.518517,
El Salvador,2003,0.5043636,
El Salvador,2004,0.47799078,
El Salvador,2005,0.48472306,
El Salvador,2006,0.4568936,
El Salvador,2007,0.45217508,
El Salvador,2008,0.46885607,
El Salvador,2009,0.4582485,
El Salvador,2010,0.43513292,
El Salvador,2011,0.4231799,
El Salvador,2012,0.41828847,
El Salvador,2013,0.43358666,
El Salvador,2014,0.41559452,
El Salvador,2015,0.4055182,North America
El Salvador,2016,0.39978546,
El Salvador,2017,0.38007155,
El Salvador,2018,0.38610572,
El Salvador,2019,0.38778764,
El Salvador,2021,0.39010745,
El Salvador,2022,0.38753173,
Equatorial Guinea,2015,,Africa
Eritrea,2015,,Africa
Estonia,1993,0.39427334,
Estonia,2003,0.37195182,
Estonia,2004,0.33559534,
Estonia,2005,0.3344686,
Estonia,2006,0.33667818,
Estonia,2007,0.31178468,
Estonia,2008,0.31915063,
Estonia,2009,0.3144271,
Estonia,2010,0.31999895,
Estonia,2011,0.3248852,
Estonia,2012,0.329136,
Estonia,2013,0.35075676,
Estonia,2014,0.3458795,
Estonia,2015,0.3266799,Europe
Estonia,2016,0.3119477,
Estonia,2017,0.30354318,
Estonia,2018,0.3032016,
Estonia,2019,0.30765438,
Estonia,2020,0.30737108,
Estonia,2021,0.31834,
Eswatini,1994,0.5863356,
Eswatini,2000,0.5311352,
Eswatini,2009,0.5144115,
Eswatini,2015,,Africa
Eswatini,2016,0.54579794,
Ethiopia,1995,0.44562823,
Ethiopia,1999,0.29975793,
Ethiopia,2004,0.29806852,
Ethiopia,2010,0.33170602,
Ethiopia,2015,0.34993124,Africa
Ethiopia (former),2015,,Africa
Ethiopia (rural),1981,0.30980363,
Falkland Islands,2015,,South America
Faroe Islands,2015,,Europe
Fiji,2002,0.38102055,
Fiji,2008,0.40375587,
Fiji,2013,0.36696598,
Fiji,2015,,Oceania
Fiji,2019,0.30706868,
Finland,1987,0.22171399,
Finland,1991,0.22879761,
Finland,1995,0.23459136,
Finland,2000,0.27156627,
Finland,2003,0.27686426,
Finland,2004,0.27897653,
Finland,2005,0.27619493,
Finland,2006,0.27998725,
Finland,2007,0.28285563,
Finland,2008,0.27838135,
Finland,2009,0.27455276,
Finland,2010,0.2771396,
Finland,2011,0.27642646,
Finland,2012,0.27096376,
Finland,2013,0.27193668,
Finland,2014,0.26776803,
Finland,2015,0.2710181,Europe
Finland,2016,0.27078423,
Finland,2017,0.2738283,
Finland,2018,0.27329567,
Finland,2019,0.27737123,
Finland,2020,0.27091044,
Finland,2021,0.27708507,
France,1970,0.37145555,
France,1975,0.35918272,
France,1979,0.34042618,
France,1984,0.33398122,
France,1990,0.32119063,
France,1996,0.32016575,
France,1997,0.3190015,
France,1998,0.31657764,
France,1999,0.32499772,
France,2000,0.32553056,
France,2001,0.3253329,
France,2002,0.31778157,
France,2003,0.31411052,
France,2004,0.30647254,
France,2005,0.29833862,
France,2006,0.29691088,
France,2007,0.32427707,
France,2008,0.32996443,
France,2009,0.3266122,
France,2010,0.33720416,
France,2011,0.3329475,
France,2012,0.3311486,
France,2013,0.32512552,
France,2014,0.32262158,
France,2015,0.32704228,Europe
France,2016,0.31923512,
France,2017,0.3163205,
France,2018,0.32380664,
France,2019,0.31199563,
France,2020,0.3066147,
France,2021,0.31500953,
French Guiana,2015,,South America
French Polynesia,2015,,Oceania
French Southern Territories,2015,,Antarctica
Gabon,2005,0.42184988,
Gabon,2015,,Africa
Gabon,2017,0.38024372,
Gambia,1998,0.48250192,
Gambia,2003,0.47308534,
Gambia,2010,0.43568197,
Gambia,2015,0.35918832,Africa
Gambia,2020,0.38757205,
Georgia,1996,0.37132707,
Georgia,1997,0.40682536,
Georgia,1998,0.4123018,
Georgia,1999,0.40128374,
Georgia,2000,0.4045976,
Georgia,2001,0.39557204,
Georgia,2002,0.3724613,
Georgia,2003,0.36650413,
Georgia,2004,0.3616882,
Georgia,2005,0.37375313,
Georgia,2006,0.36865547,
Georgia,2007,0.38108635,
Georgia,2008,0.38532716,
Georgia,2009,0.38234815,
Georgia,2010,0.394587,
Georgia,2011,0.3959351,
Georgia,2012,0.38953948,
Georgia,2013,0.38588807,
Georgia,2014,0.37554133,
Georgia,2015,0.36503676,Asia
Georgia,2016,0.3663965,
Georgia,2017,0.37939596,
Georgia,2018,0.36411363,
Georgia,2019,0.35900706,
Georgia,2020,0.3446499,
Georgia,2021,0.3417846,
Georgia,2022,0.3350009,
Germany,1991,0.29492873,
Germany,1992,0.2907326,
Germany,1993,0.28612086,
Germany,1994,0.29159415,
Germany,1995,0.28811273,
Germany,1996,0.27993777,
Germany,1997,0.28246725,
Germany,1998,0.2827037,
Germany,1999,0.29047978,
Germany,2000,0.2888814,
Germany,2001,0.29949388,
Germany,2002,0.29810533,
Germany,2003,0.2980293,
Germany,2004,0.30192587,
Germany,2005,0.31704092,
Germany,2006,0.3104196,
Germany,2007,0.3117709,
Germany,2008,0.30800265,
Germany,2009,0.30479428,
Germany,2010,0.30218413,
Germany,2011,0.30610505,
Germany,2012,0.3105579,
Germany,2013,0.31453598,
Germany,2014,0.30847794,
Germany,2015,0.31653914,Europe
Germany,2016,0.3141309,
Germany,2017,0.31314865,
Germany,2018,0.31872115,
Germany,2019,0.31780925,
Germany,2020,0.3243345,
Ghana,1987,0.35349578,
Ghana,1988,0.3599354,
Ghana,1991,0.38434562,
Ghana,1998,0.4007123,
Ghana,2005,0.42760354,
Ghana,2012,0.42372206,
Ghana,2015,,Africa
Ghana,2016,0.43512443,
Gibraltar,2015,,Europe
Greece,1995,0.3696663,
Greece,2000,0.34236935,
Greece,2003,0.32759297,
Greece,2004,0.33588123,
Greece,2005,0.34596738,
Greece,2006,0.35121885,
Greece,2007,0.33950907,
Greece,2008,0.33587772,
Greece,2009,0.33615103,
Greece,2010,0.3409893,
Greece,2011,0.3484217,
Greece,2012,0.362504,
Greece,2013,0.36127293,
Greece,2014,0.35804707,
Greece,2015,0.35996962,Europe
Greece,2016,0.34956136,
Greece,2017,0.34350377,
Greece,2018,0.32890075,
Greece,2019,0.33101925,
Greece,2020,0.33558196,
Greece,2021,0.32939574,
Greenland,2015,,North America
Grenada,2015,,North America
Grenada,2018,0.4381641,
Guadeloupe,2015,,North America
Guam,2015,,Oceania
Guatemala,1986,0.5413272,
Guatemala,1989,0.5879788,
Guatemala,1998,0.493976,
Guatemala,2000,0.54173213,
Guatemala,2006,0.54568464,
Guatemala,2014,0.4827621,
Guatemala,2015,,North America
Guernsey,2015,,Europe
Guinea,1991,0.4446398,
Guinea,1994,0.46081552,
Guinea,2002,0.43000692,
Guinea,2007,0.39355347,
Guinea,2012,0.33729705,
Guinea,2015,,Africa
Guinea,2018,0.29591954,
Guinea-Bissau,1991,0.557557,
Guinea-Bissau,1993,0.43609467,
Guinea-Bissau,2002,0.3556889,
Guinea-Bissau,2010,0.50604075,
Guinea-Bissau,2015,,Africa
Guinea-Bissau,2018,0.34765232,
Guinea-Bissau,2021,0.33435068,
Guyana,1992,0.3946759,
Guyana,1998,0.45039394,
Guyana,2015,,South America
Haiti,2001,0.5898769,
Haiti,2012,0.6044839,
Haiti,2015,,North America
Hanover,2015,,Europe
Heard Island and McDonald Islands,2015,,Antarctica
Hesse Electoral,2015,,Europe
Hesse Grand Ducal,2015,,Europe
Honduras,1989,0.5536728,
Honduras,1990,0.5592856,
Honduras,1991,0.5182139,
Honduras,1992,0.51805204,
Honduras,1993,0.5344585,
Honduras,1994,0.54992497,
Honduras,1995,0.554708,
Honduras,1996,0.5569839,
Honduras,1997,0.5272781,
Honduras,1998,0.5729382,
Honduras,1999,0.55219996,
Honduras,2001,0.5535215,
Honduras,2002,0.5571017,
Honduras,2003,0.580804,
Honduras,2004,0.58094627,
Honduras,2005,0.5947935,
Honduras,2006,0.57526565,
Honduras,2007,0.5581602,
Honduras,2008,0.55489975,
Honduras,2009,0.5128177,
Honduras,2010,0.53085744,
Honduras,2011,0.5255424,
Honduras,2012,0.53365433,
Honduras,2013,0.49958706,
Honduras,2014,0.4987544,
Honduras,2015,0.4924883,North America
Honduras,2016,0.49810323,
Honduras,2017,0.49441433,
Honduras,2018,0.48936284,
Honduras,2019,0.48162824,
Honduras (urban),1986,0.5509298,
Hong Kong,2015,,Asia
Hungary,1987,0.20883092,
Hungary,1989,0.2504778,
Hungary,1991,0.29623857,
Hungary,1993,0.27938303,
Hungary,1994,0.33285955,
Hungary,1999,0.30219844,
Hungary,2004,0.29864362,
Hungary,2005,0.34721088,
Hungary,2006,0.28296095,
Hungary,2007,0.2788186,
Hungary,2008,0.27514026,
Hungary,2009,0.2695929,
Hungary,2010,0.2944413,
Hungary,2011,0.29157948,
Hungary,2012,0.3080265,
Hungary,2013,0.31504104,
Hungary,2014,0.3091348,
Hungary,2015,0.30407295,Europe
Hungary,2016,0.30324444,
Hungary,2017,0.30582693,
Hungary,2018,0.2961145,
Hungary,2019,0.29950473,
Hungary,2020,0.29711774,
Hungary,2021,0.2917205,
Iceland,2003,0.26836038,
Iceland,2004,0.27981848,
Iceland,2005,0.29002446,
Iceland,2006,0.30245006,
Iceland,2007,0.29470885,
Iceland,2008,0.3178928,
Iceland,2009,0.2865624,
Iceland,2010,0.26171294,
Iceland,2011,0.26830265,
Iceland,2012,0.26769423,
Iceland,2013,0.25402915,
Iceland,2014,0.27800417,
Iceland,2015,0.26787972,Europe
Iceland,2016,0.27241105,
Iceland,2017,0.2613158,
India,1977,0.3321363,
India,1983,0.32008487,
India,1987,0.32458475,
India,1993,0.31555128,
India,2004,0.340089,
India,2009,0.34889016,
India,2011,0.3539906,
India,2015,0.3468829,Asia
India,2016,0.34746763,
India,2017,0.3590051,
India,2018,0.34550628,
India,2019,0.33812764,
India,2020,0.33778515,
India,2021,0.3277978,
India (rural),1977,0.30961025,
India (rural),1983,0.3005934,
India (rural),1987,0.30117032,
India (rural),1993,0.28584594,
India (rural),2004,0.30452737,
India (rural),2009,0.29950196,
India (rural),2011,0.31127518,
India (rural),2015,0.31263804,
India (rural),2016,0.3101153,
India (rural),2017,0.31273174,
India (rural),2018,0.31053287,
India (rural),2019,0.31054986,
India (rural),2020,0.3124293,
India (rural),2021,0.29604727,
India (urban),1977,0.3574154,
India (urban),1983,0.33326873,
India (urban),1987,0.35569304,
India (urban),1993,0.34381935,
India (urban),2004,0.37634635,
India (urban),2009,0.39347965,
India (urban),2011,0.3901441,
India (urban),2015,0.37879857,
India (urban),2016,0.38292566,
India (urban),2017,0.39578882,
India (urban),2018,0.36215815,
India (urban),2019,0.3628346,
India (urban),2020,0.36235926,
India (urban),2021,0.35517648,
Indonesia,1984,0.32302415,
Indonesia,1987,0.30412093,
Indonesia,1990,0.31069273,
Indonesia,1993,0.31755003,
Indonesia,1996,0.3421382,
Indonesia,1998,0.30853918,
Indonesia,1999,0.30788496,
Indonesia,2000,0.30306277,
Indonesia,2001,0.31165913,
Indonesia,2002,0.30163765,
Indonesia,2003,0.29323187,
Indonesia,2004,0.30416507,
Indonesia,2005,0.2990362,
Indonesia,2006,0.31524122,
Indonesia,2007,0.33231717,
Indonesia,2008,0.3263291,
Indonesia,2009,0.33432707,
Indonesia,2010,0.3458631,
Indonesia,2011,0.37925914,
Indonesia,2012,0.3714888,
Indonesia,2013,0.38926852,
Indonesia,2014,0.3877997,
Indonesia,2015,0.38207534,Asia
Indonesia,2016,0.368857,
Indonesia,2017,0.3636789,
Indonesia,2018,0.36338645,
Indonesia,2019,0.35359862,
Indonesia,2020,0.35335615,
Indonesia,2021,0.35504764,
Indonesia,2022,0.3551203,
Indonesia,2023,0.3605703,
Iran,1986,0.4741963,
Iran,1990,0.43604776,
Iran,1994,0.42998368,
Iran,1998,0.4409564,
Iran,2005,0.43558642,
Iran,2006,0.44752038,
Iran,2009,0.42050025,
Iran,2011,0.34661996,
Iran,2012,0.3442554,
Iran,2013,0.3396952,
Iran,2014,0.34814033,
Iran,2015,0.35264048,Asia
Iran,2016,0.35912308,
Iran,2017,0.36693677,
Iran,2018,0.37419906,
Iran,2019,0.36482257,
Iran,2020,0.3584295,
Iran,2021,0.3546873,
Iran,2022,0.34803438,
Iraq,2006,0.28600612,
Iraq,2012,0.29541856,
Iraq,2015,,Asia
Ireland,1987,0.35466203,
Ireland,1994,0.36914206,
Ireland,1995,0.3704509,
Ireland,1996,0.35622135,
Ireland,2000,0.33005205,
Ireland,2002,0.32290256,
Ireland,2003,0.32887438,
Ireland,2004,0.33609548,
Ireland,2005,0.33753955,
Ireland,2006,0.327276,
Ireland,2007,0.31946594,
Ireland,2008,0.3090567,
Ireland,2009,0.32680362,
Ireland,2010,0.32295024,
Ireland,2011,0.32872406,
Ireland,2012,0.33220077,
Ireland,2013,0.3348598,
Ireland,2014,0.31874627,
Ireland,2015,0.31820488,Europe
Ireland,2016,0.32807183,
Ireland,2017,0.31358823,
Ireland,2018,0.30602926,
Ireland,2019,0.308315,
Ireland,2020,0.292282,
Ireland,2021,0.30119276,
Isle of Man,2015,,Europe
Israel,1979,0.36329976,
Israel,1986,0.3649054,
Israel,1992,0.35507256,
Israel,1997,0.38097107,
Israel,2001,0.38947663,
Israel,2002,0.39559424,
Israel,2003,0.4072257,
Israel,2004,0.414563,
Israel,2005,0.42267624,
Israel,2006,0.4155532,
Israel,2007,0.41098633,
Israel,2008,0.4164268,
Israel,2009,0.4263395,
Israel,2010,0.42559466,
Israel,2011,0.41444165,
Israel,2012,0.41302204,
Israel,2013,0.39870527,
Israel,2014,0.3975749,
Israel,2015,0.3971953,Asia
Israel,2016,0.39013016,
Israel,2017,0.38202065,
Israel,2018,0.38577175,
Israel,2019,0.3828222,
Israel,2020,0.37773558,
Israel,2021,0.3789385,
Italy,1977,0.34006613,
Italy,1978,0.33277234,
Italy,1979,0.3326154,
Italy,1980,0.32899266,
Italy,1981,0.3157181,
Italy,1982,0.2923156,
Italy,1983,0.29767215,
Italy,1984,0.31334364,
Italy,1986,0.31162822,
Italy,1987,0.3417943,
Italy,1989,0.3210614,
Italy,1991,0.31049928,
Italy,1993,0.35086337,
Italy,1995,0.3521082,
Italy,1998,0.36652306,
Italy,2000,0.35244772,
Italy,2002,0.34695667,
Italy,2003,0.349287,
Italy,2004,0.3429304,
Italy,2005,0.33830953,
Italy,2006,0.3369475,
Italy,2007,0.32888263,
Italy,2008,0.3376773,
Italy,2009,0.3383298,
Italy,2010,0.3471675,
Italy,2011,0.35052994,
Italy,2012,0.3515148,
Italy,2013,0.3490567,
Italy,2014,0.34652385,
Italy,2015,0.35390034,Europe
Italy,2016,0.35239598,
Italy,2017,0.35922197,
Italy,2018,0.35217315,
Italy,2019,0.34583586,
Italy,2020,0.352409,
Italy,2021,0.3484458,
Jamaica,1988,0.4315501,
Jamaica,1990,0.41113734,
Jamaica,1993,0.35673422,
Jamaica,1996,0.40394902,
Jamaica,1999,0.4407876,
Jamaica,2002,0.4831574,
Jamaica,2004,0.45457473,
Jamaica,2015,,North America
Jamaica,2018,0.3563868,
Jamaica,2021,0.4021027,
Japan,2008,0.34842315,
Japan,2010,0.3210032,
Japan,2013,0.3285473,
Japan,2015,,Asia
Jersey,2015,,Europe
Jordan,1986,0.3606143,
Jordan,1992,0.43099582,
Jordan,1997,0.36420527,
Jordan,2002,0.36954618,
Jordan,2006,0.33856255,
Jordan,2008,0.3257345,
Jordan,2010,0.3365573,
Jordan,2015,,Asia
Kazakhstan,1993,0.32665735,
Kazakhstan,1996,0.35378307,
Kazakhstan,2001,0.3596447,
Kazakhstan,2002,0.34811127,
Kazakhstan,2003,0.33691478,
Kazakhstan,2004,0.3183876,
Kazakhstan,2005,0.39825976,
Kazakhstan,2006,0.30243865,
Kazakhstan,2007,0.30084056,
Kazakhstan,2008,0.28496444,
Kazakhstan,2009,0.28208867,
Kazakhstan,2010,0.27954513,
Kazakhstan,2011,0.27983844,
Kazakhstan,2012,0.2816882,
Kazakhstan,2013,0.2706543,
Kazakhstan,2014,0.2701586,
Kazakhstan,2015,0.26803666,Asia
Kazakhstan,2016,0.27225325,
Kazakhstan,2017,0.27450275,
Kazakhstan,2018,0.27792874,
Kazakhstan,2019,0.27968282,
Kazakhstan,2020,0.2868392,
Kazakhstan,2021,0.29191533,
Kenya,1992,0.56925327,
Kenya,1994,0.43103355,
Kenya,1997,0.44982657,
Kenya,2005,0.46440154,
Kenya,2015,0.4077446,Africa
Kenya,2020,0.36246458,
Kenya,2021,0.3870143,
Kiribati,2006,0.36973003,
Kiribati,2015,,Oceania
Kiribati,2019,0.27832702,
Korea (former),2015,,Asia
Kosovo,2003,0.28953856,
Kosovo,2005,0.3123823,
Kosovo,2006,0.30321634,
Kosovo,2009,0.31781715,
Kosovo,2010,0.33254302,
Kosovo,2011,0.27831748,
Kosovo,2012,0.28972268,
Kosovo,2013,0.2630659,
Kosovo,2014,0.2727017,
Kosovo,2015,0.26454154,Europe
Kosovo,2016,0.26721144,
Kosovo,2017,0.29012942,
Kuwait,2015,,Asia
Kyrgyzstan,2000,0.31035012,
Kyrgyzstan,2001,0.3016398,
Kyrgyzstan,2002,0.30302387,
Kyrgyzstan,2003,0.28708646,
Kyrgyzstan,2004,0.3477343,
Kyrgyzstan,2005,0.32561377,
Kyrgyzstan,2006,0.3738124,
Kyrgyzstan,2007,0.3391182,
Kyrgyzstan,2008,0.3145067,
Kyrgyzstan,2009,0.29874134,
Kyrgyzstan,2010,0.30133882,
Kyrgyzstan,2011,0.27839768,
Kyrgyzstan,2012,0.27356887,
Kyrgyzstan,2013,0.2881479,
Kyrgyzstan,2014,0.26819003,
Kyrgyzstan,2015,0.2899781,Asia
Kyrgyzstan,2016,0.26780704,
Kyrgyzstan,2017,0.2733501,
Kyrgyzstan,2018,0.27690327,
Kyrgyzstan,2019,0.2970068,
Kyrgyzstan,2020,0.28989273,
Kyrgyzstan,2021,0.2879339,
Kyrgyzstan,2022,0.26352528,
Laos,1992,0.34309775,
Laos,1997,0.34894043,
Laos,2002,0.32620108,
Laos,2007,0.35361034,
Laos,2012,0.35963547,
Laos,2015,,Asia
Laos,2018,0.38802433,
Latvia,1993,0.26993132,
Latvia,1995,0.30977485,
Latvia,1996,0.31590763,
Latvia,2004,0.36382675,
Latvia,2005,0.38973203,
Latvia,2006,0.35597068,
Latvia,2007,0.37461132,
Latvia,2008,0.37211615,
Latvia,2009,0.35945752,
Latvia,2010,0.35030317,
Latvia,2011,0.3577261,
Latvia,2012,0.35236055,
Latvia,2013,0.3549739,
Latvia,2014,0.3511365,
Latvia,2015,0.342025,Europe
Latvia,2016,0.34328857,
Latvia,2017,0.35571036,
Latvia,2018,0.35095716,
Latvia,2019,0.34489113,
Latvia,2020,0.35703966,
Latvia,2021,0.3425585,
Lebanon,2011,0.3183245,
Lebanon,2015,,Asia
Lesotho,1986,0.56013536,
Lesotho,1994,0.63020104,
Lesotho,2002,0.51206875,
Lesotho,2015,,Africa
Lesotho,2017,0.44877714,
Liberia,2007,0.3643565,
Liberia,2014,0.33237883,
Liberia,2015,,Africa
Liberia,2016,0.35265347,
Libya,2015,,Africa
Liechtenstein,2015,,Europe
Lithuania,1993,0.33183792,
Lithuania,2004,0.37011144,
Lithuania,2005,0.35296747,
Lithuania,2006,0.34414476,
Lithuania,2007,0.34789148,
Lithuania,2008,0.35727036,
Lithuania,2009,0.372185,
Lithuania,2010,0.33608764,
Lithuania,2011,0.3248645,
Lithuania,2012,0.35092333,
Lithuania,2013,0.35307336,
Lithuania,2014,0.37675053,
Lithuania,2015,0.3737032,Europe
Lithuania,2016,0.38385862,
Lithuania,2017,0.3728361,
Lithuania,2018,0.35705343,
Lithuania,2019,0.35251358,
Lithuania,2020,0.35956645,
Lithuania,2021,0.36656412,
Luxembourg,1985,0.26294357,
Luxembourg,1986,0.28112763,
Luxembourg,1987,0.2954707,
Luxembourg,1988,0.28827298,
Luxembourg,1989,0.30814338,
Luxembourg,1990,0.2770192,
Luxembourg,1991,0.2717853,
Luxembourg,1992,0.27309504,
Luxembourg,1993,0.27047905,
Luxembourg,1994,0.28147867,
Luxembourg,1995,0.28301048,
Luxembourg,1996,0.29043368,
Luxembourg,1997,0.2957325,
Luxembourg,1998,0.30605367,
Luxembourg,1999,0.30041057,
Luxembourg,2000,0.30102962,
Luxembourg,2001,0.30926323,
Luxembourg,2002,0.3098299,
Luxembourg,2003,0.30187473,
Luxembourg,2004,0.30172697,
Luxembourg,2005,0.30840808,
Luxembourg,2006,0.3094812,
Luxembourg,2007,0.31133747,
Luxembourg,2008,0.32561544,
Luxembourg,2009,0.31196916,
Luxembourg,2010,0.3050438,
Luxembourg,2011,0.3205409,
Luxembourg,2012,0.3434715,
Luxembourg,2013,0.32035962,
Luxembourg,2014,0.31158078,
Luxembourg,2015,0.32921496,Europe
Luxembourg,2016,0.31727898,
Luxembourg,2017,0.34515306,
Luxembourg,2018,0.35367873,
Luxembourg,2019,0.34241158,
Luxembourg,2020,0.3337364,
Luxembourg,2021,0.3273477,
Macao,2015,,Asia
Madagascar,1980,0.46848634,
Madagascar,1993,0.45207667,
Madagascar,1997,0.3943274,
Madagascar,1999,0.38583288,
Madagascar,2001,0.4741719,
Madagascar,2005,0.39928237,
Madagascar,2010,0.4238018,
Madagascar,2012,0.42551258,
Madagascar,2015,,Africa
Malawi,1997,0.6575494,
Malawi,2004,0.3987172,
Malawi,2010,0.45470712,
Malawi,2015,,Africa
Malawi,2016,0.44694027,
Malawi,2019,0.38542363,
Malaysia,1984,0.48496294,
Malaysia,1987,0.47041824,
Malaysia,1989,0.46168482,
Malaysia,1992,0.47653723,
Malaysia,1995,0.48522663,
Malaysia,1997,0.49149647,
Malaysia,2003,0.4641619,
Malaysia,2006,0.4475235,
Malaysia,2008,0.45479712,
Malaysia,2011,0.43943596,
Malaysia,2013,0.41348827,
Malaysia,2015,0.410664,Asia
Malaysia,2018,0.41176775,
Malaysia,2021,0.40668428,
Maldives,2002,0.41312027,
Maldives,2009,0.38372764,
Maldives,2015,,Asia
Maldives,2016,0.31285647,
Maldives,2019,0.2928509,
Mali,1994,0.50157577,
Mali,2001,0.3986669,
Mali,2006,0.3892922,
Mali,2009,0.3303452,
Mali,2015,,Africa
Mali,2018,0.3596336,
Mali,2021,0.35653594,
Malta,2006,0.28019977,
Malta,2007,0.29207736,
Malta,2008,0.28995508,
Malta,2009,0.30244455,
Malta,2010,0.29025772,
Malta,2011,0.2914213,
Malta,2012,0.29360434,
Malta,2013,0.28843665,
Malta,2014,0.29020345,
Malta,2015,0.29433772,Europe
Malta,2016,0.29089025,
Malta,2017,0.2923224,
Malta,2018,0.28665087,
Malta,2019,0.31041777,
Malta,2020,0.3140378,
Marshall Islands,2015,,Oceania
Marshall Islands,2019,0.35482943,
Martinique,2015,,North America
Mauritania,1987,0.4393751,
Mauritania,1993,0.49523884,
Mauritania,1995,0.37747362,
Mauritania,2000,0.39028475,
Mauritania,2004,0.40168753,
Mauritania,2008,0.35685378,
Mauritania,2014,0.3261935,
Mauritania,2015,,Africa
Mauritania,2019,0.31996742,
Mauritius,2006,0.3565342,
Mauritius,2012,0.384654,
Mauritius,2015,,Africa
Mauritius,2017,0.36761206,
Mayotte,2015,,Africa
Mecklenburg Schwerin,2015,,Europe
Mexico,1984,0.4852701,
Mexico,1989,0.5010927,
Mexico,1992,0.52310747,
Mexico,1994,0.5342225,
Mexico,1996,0.51971495,
Mexico,1998,0.532833,
Mexico,2000,0.53417677,
Mexico,2002,0.50582963,
Mexico,2004,0.50343114,
Mexico,2005,0.509391,
Mexico,2006,0.49712282,
Mexico,2008,0.50843656,
Mexico,2010,0.47658002,
Mexico,2012,0.49597254,
Mexico,2014,0.48912397,
Mexico,2015,,North America
Mexico,2016,0.4691244,
Mexico,2018,0.4595491,
Mexico,2020,0.44594344,
Mexico,2022,0.4345403,
Micronesia (country),2005,0.423558,
Micronesia (country),2013,0.4005239,
Micronesia (country),2015,,Oceania
Micronesia (country) (urban),2000,0.63084173,
Modena,2015,,Europe
Moldova,1997,0.3694212,
Moldova,1998,0.39518264,
Moldova,1999,0.42623976,
Moldova,2000,0.36424187,
Moldova,2001,0.37987787,
Moldova,2002,0.3584591,
Moldova,2003,0.34902084,
Moldova,2004,0.35029566,
Moldova,2005,0.36280838,
Moldova,2006,0.35399717,
Moldova,2007,0.34421042,
Moldova,2008,0.34692442,
Moldova,2009,0.32910907,
Moldova,2010,0.3205092,
Moldova,2011,0.30628577,
Moldova,2012,0.2915884,
Moldova,2013,0.2853416,
Moldova,2014,0.26833853,
Moldova,2015,0.27028158,Europe
Moldova,2016,0.26345387,
Moldova,2017,0.25899243,
Moldova,2018,0.25661647,
Moldova,2019,0.26016647,
Moldova,2021,0.25731638,
Monaco,2015,,Europe
Mongolia,1995,0.3319534,
Mongolia,1998,0.30271962,
Mongolia,2002,0.32892948,
Mongolia,2007,0.3582187,
Mongolia,2010,0.33081213,
Mongolia,2011,0.33883506,
Mongolia,2012,0.33751616,
Mongolia,2014,0.3203779,
Mongolia,2015,,Asia
Mongolia,2016,0.32345733,
Mongolia,2018,0.3274099,
Mongolia,2022,0.31416476,
Montenegro,2012,0.4120649,
Montenegro,2013,0.39021727,
Montenegro,2014,0.38769355,
Montenegro,2015,0.39005032,Europe
Montenegro,2016,0.38467047,
Montenegro,2017,0.36881563,
Montenegro,2018,0.36809078,
Montenegro,2019,0.35665408,
Montenegro,2020,0.35412416,
Montenegro,2021,0.34297183,
Montserrat,2015,,North America
Morocco,1984,0.36468908,
Morocco,1990,0.39206904,
Morocco,1998,0.39353913,
Morocco,2000,0.40636948,
Morocco,2006,0.40718302,
Morocco,2013,0.39548507,
Morocco,2015,,Africa
Mozambique,1996,0.53288776,
Mozambique,2002,0.4695471,
Mozambique,2008,0.45489126,
Mozambique,2014,0.53956276,
Mozambique,2015,,Africa
Mozambique,2019,0.50274074,
Myanmar,2015,0.3806851,Asia
Myanmar,2017,0.3069687,
Nagorno-Karabakh,2015,,Asia
Namibia,1993,0.7105055,
Namibia,2003,0.6331717,
Namibia,2009,0.6096475,
Namibia,2015,0.5906661,Africa
Nauru,2012,0.3236158,
Nauru,2015,,Oceania
Nepal,1984,0.3005754,
Nepal,1995,0.35207018,
Nepal,2003,0.43768105,
Nepal,2010,0.32840586,
Nepal,2015,,Asia
Nepal,2022,0.30020264,
Netherlands,1983,0.28364104,
Netherlands,1987,0.26769555,
Netherlands,1990,0.31086653,
Netherlands,1993,0.3043144,
Netherlands,1999,0.28063396,
Netherlands,2004,0.29800007,
Netherlands,2005,0.2904823,
Netherlands,2006,0.30043328,
Netherlands,2007,0.2959278,
Netherlands,2008,0.29298013,
Netherlands,2009,0.27881998,
Netherlands,2010,0.2784524,
Netherlands,2011,0.27750087,
Netherlands,2012,0.2762093,
Netherlands,2013,0.2810648,
Netherlands,2014,0.2863142,
Netherlands,2015,0.2824158,Europe
Netherlands,2016,0.2817357,
Netherlands,2017,0.28535804,
Netherlands,2018,0.28121036,
Netherlands,2019,0.29248324,
Netherlands,2020,0.2599421,
Netherlands,2021,0.2574387,
Netherlands Antilles,2015,,North America
New Caledonia,2015,,Oceania
New Zealand,2015,,Oceania
Nicaragua,1993,0.5712674,
Nicaragua,1998,0.5437746,
Nicaragua,2001,0.5287496,
Nicaragua,2005,0.48820096,
Nicaragua,2009,0.43941638,
Nicaragua,2014,0.46156293,
Nicaragua,2015,,North America
Niger,1992,0.3604249,
Niger,1994,0.4141697,
Niger,2005,0.44369024,
Niger,2007,0.3730385,
Niger,2011,0.31451714,
Niger,2014,0.34276575,
Niger,2015,,Africa
Niger,2018,0.37259424,
Niger,2021,0.32862565,
Nigeria,1985,0.3867785,
Nigeria,1992,0.44885525,
Nigeria,1996,0.51879764,
Nigeria,2003,0.40058756,
Nigeria,2010,0.3565021,
Nigeria,2012,0.35513008,
Nigeria,2015,0.35879776,Africa
Nigeria,2018,0.35127744,
Niue,2015,,Oceania
Norfolk Island,2015,,Oceania
North Korea,2015,,Asia
North Macedonia,2009,0.42760608,
North Macedonia,2010,0.40062812,
North Macedonia,2011,0.39360264,
North Macedonia,2012,0.38132146,
North Macedonia,2013,0.36238977,
North Macedonia,2014,0.35201505,
North Macedonia,2015,0.35590458,Europe
North Macedonia,2016,0.3453449,
North Macedonia,2017,0.34198847,
North Macedonia,2018,0.32960445,
North Macedonia,2019,0.33505824,
Northern Cyprus,2015,,Asia
Northern Mariana Islands,2015,,Oceania
Norway,1979,0.2689476,
Norway,1986,0.24630482,
Norway,1991,0.25226194,
Norway,1995,0.26019552,
Norway,2000,0.27358785,
Norway,2003,0.2762688,
Norway,2004,0.3157802,
Norway,2005,0.30596998,
Norway,2006,0.2635382,
Norway,2007,0.27090636,
Norway,2008,0.26996335,
Norway,2009,0.2615822,
Norway,2010,0.2572369,
Norway,2011,0.25300157,
Norway,2012,0.25725982,
Norway,2013,0.26361105,
Norway,2014,0.26752558,
Norway,2015,0.27496743,Europe
Norway,2016,0.28493318,
Norway,2017,0.2698671,
Norway,2018,0.27560204,
Norway,2019,0.2774182,
Oman,2015,,Asia
Pakistan,1987,0.3331653,
Pakistan,1990,0.33248037,
Pakistan,1996,0.28664988,
Pakistan,1998,0.33123294,
Pakistan,2001,0.2865302,
Pakistan,2004,0.30886108,
Pakistan,2005,0.31261253,
Pakistan,2007,0.29669502,
Pakistan,2010,0.28780863,
Pakistan,2011,0.29697958,
Pakistan,2013,0.29528573,
Pakistan,2015,0.31291267,Asia
Pakistan,2018,0.29589266,
Palau,2015,,Oceania
Palestine,2004,0.3404466,
Palestine,2005,0.34742624,
Palestine,2006,0.3395928,
Palestine,2007,0.35606077,
Palestine,2009,0.34463975,
Palestine,2010,0.3529443,
Palestine,2011,0.34415236,
Palestine,2015,,Asia
Palestine,2016,0.3369004,
Panama,1979,0.48740143,
Panama,1989,0.58622766,
Panama,1991,0.5802924,
Panama,1995,0.576667,
Panama,1997,0.58143127,
Panama,1998,0.5736364,
Panama,1999,0.5635335,
Panama,2000,0.5659207,
Panama,2001,0.5670764,
Panama,2002,0.560917,
Panama,2003,0.5565018,
Panama,2004,0.54772496,
Panama,2005,0.5380034,
Panama,2006,0.54636407,
Panama,2007,0.52685326,
Panama,2008,0.5269304,
Panama,2009,0.51770425,
Panama,2010,0.516088,
Panama,2011,0.51347023,
Panama,2012,0.51739,
Panama,2013,0.51456016,
Panama,2014,0.5046555,
Panama,2015,0.50805664,North America
Panama,2016,0.50406915,
Panama,2017,0.49885073,
Panama,2018,0.49211547,
Panama,2019,0.49837545,
Panama,2021,0.5085843,
Panama,2023,0.48875833,
Papua New Guinea,1996,0.45765835,
Papua New Guinea,2009,0.41850442,
Papua New Guinea,2015,,Oceania
Paraguay,1990,0.4083735,
Paraguay,1995,0.5814064,
Paraguay,1997,0.54888344,
Paraguay,1999,0.5457138,
Paraguay,2001,0.54626775,
Paraguay,2002,0.57274485,
Paraguay,2003,0.54937583,
Paraguay,2004,0.52260363,
Paraguay,2005,0.5138116,
Paraguay,2006,0.5299425,
Paraguay,2007,0.5304046,
Paraguay,2008,0.50704694,
Paraguay,2009,0.49145123,
Paraguay,2010,0.5098244,
Paraguay,2011,0.52309674,
Paraguay,2012,0.47633564,
Paraguay,2013,0.479354,
Paraguay,2014,0.50702643,
Paraguay,2015,0.47605744,South America
Paraguay,2016,0.47899717,
Paraguay,2017,0.4854749,
Paraguay,2018,0.459551,
Paraguay,2019,0.45650637,
Paraguay,2020,0.43481943,
Paraguay,2021,0.4290515,
Paraguay,2022,0.45108196,
Parma,2015,,Europe
Peru,1997,0.5325665,
Peru,1998,0.55117506,
Peru,1999,0.5482133,
Peru,2000,0.49072054,
Peru,2001,0.5130185,
Peru,2002,0.535637,
Peru,2003,0.5307964,
Peru,2004,0.4987963,
Peru,2005,0.5044914,
Peru,2006,0.50332135,
Peru,2007,0.5002141,
Peru,2008,0.47486418,
Peru,2009,0.47006038,
Peru,2010,0.45537677,
Peru,2011,0.44659775,
Peru,2012,0.4444003,
Peru,2013,0.4388273,
Peru,2014,0.43138838,
Peru,2015,0.43356073,South America
Peru,2016,0.4363899,
Peru,2017,0.43292674,
Peru,2018,0.4236557,
Peru,2019,0.4152813,
Peru,2020,0.4373994,
Peru,2021,0.4012181,
Peru,2022,0.40349188,
Philippines,1985,0.41037434,
Philippines,1988,0.4074627,
Philippines,1991,0.4382355,
Philippines,1994,0.42888388,
Philippines,1997,0.45962209,
Philippines,2000,0.42799473,
Philippines,2003,0.4149466,
Philippines,2006,0.4285884,
Philippines,2009,0.41760337,
Philippines,2012,0.4222433,
Philippines,2015,0.40351498,Asia
Philippines,2018,0.37811705,
Philippines,2021,0.37268466,
Pitcairn,2015,,Oceania
Poland,1985,0.25083962,
Poland,1986,0.27984542,
Poland,1987,0.2552513,
Poland,1989,0.26794213,
Poland,1992,0.29298562,
Poland,1995,0.3464313,
Poland,1999,0.32289156,
Poland,2004,0.3802178,
Poland,2005,0.35808384,
Poland,2006,0.34667546,
Poland,2007,0.34001285,
Poland,2008,0.33485633,
Poland,2009,0.33355722,
Poland,2010,0.3321481,
Poland,2011,0.33180645,
Poland,2012,0.3302016,
Poland,2013,0.33137318,
Poland,2014,0.32824445,
Poland,2015,0.3175091,Europe
Poland,2016,0.31189167,
Poland,2017,0.2968527,
Poland,2018,0.302149,
Poland,2019,0.28760177,
Poland,2020,0.284626,
Poland,2021,0.28479505,
Portugal,2003,0.38775018,
Portugal,2004,0.38938782,
Portugal,2005,0.38480073,
Portugal,2006,0.3806078,
Portugal,2007,0.36750183,
Portugal,2008,0.3663415,
Portugal,2009,0.34907416,
Portugal,2010,0.35844672,
Portugal,2011,0.36344677,
Portugal,2012,0.36034793,
Portugal,2013,0.36187103,
Portugal,2014,0.35562173,
Portugal,2015,0.355233,Europe
Portugal,2016,0.3519052,
Portugal,2017,0.3380384,
Portugal,2018,0.33492562,
Portugal,2019,0.32762748,
Portugal,2020,0.3466863,
Portugal,2021,0.3459202,
Puerto Rico,2015,,North America
Qatar,2015,,Asia
Qatar,2017,0.35128385,
Republic of Vietnam,2015,,Asia
Reunion,2015,,Africa
Romania,1989,0.23307304,
Romania,1992,0.25461727,
Romania,1994,0.28200582,
Romania,1995,0.31158027,
Romania,1997,0.30504426,
Romania,2006,0.3964077,
Romania,2007,0.37547696,
Romania,2008,0.36428705,
Romania,2009,0.35564327,
Romania,2010,0.3547109,
Romania,2011,0.3586662,
Romania,2012,0.3654543,
Romania,2013,0.3691507,
Romania,2014,0.36009043,
Romania,2015,0.35913625,Europe
Romania,2016,0.34406662,
Romania,2017,0.36012593,
Romania,2018,0.35758388,
Romania,2019,0.34800515,
Romania,2020,0.3457019,
Romania,2021,0.3385264,
Russia,1993,0.45385477,
Russia,1996,0.4609863,
Russia,1997,0.38409194,
Russia,1998,0.38137,
Russia,1999,0.37443382,
Russia,2000,0.37092733,
Russia,2001,0.36924976,
Russia,2002,0.37283763,
Russia,2003,0.39971545,
Russia,2004,0.4031583,
Russia,2005,0.41265598,
Russia,2006,0.4095094,
Russia,2007,0.42272472,
Russia,2008,0.41568583,
Russia,2009,0.398456,
Russia,2010,0.39548978,
Russia,2011,0.39749315,
Russia,2012,0.40714827,
Russia,2013,0.40884423,
Russia,2014,0.3988122,
Russia,2015,0.37710539,Europe
Russia,2016,0.368485,
Russia,2017,0.37239072,
Russia,2018,0.37473005,
Russia,2019,0.37736863,
Russia,2020,0.36068243,
Rwanda,2000,0.4851838,
Rwanda,2005,0.52019864,
Rwanda,2010,0.4722184,
Rwanda,2013,0.45111495,
Rwanda,2015,,Africa
Rwanda,2016,0.43709454,
Rwanda (rural),1984,0.28898594,
Saint Barthelemy,2015,,North America
Saint Helena,2015,,Africa
Saint Kitts and Nevis,2015,,North America
Saint Lucia,1995,0.4258438,
Saint Lucia,2015,0.5122298,North America
Saint Martin (French part),2015,,North America
Saint Pierre and Miquelon,2015,,North America
Saint Vincent and the Grenadines,2015,,North America
Samoa,2002,0.4073552,
Samoa,2008,0.4204655,
Samoa,2013,0.38743454,
Samoa,2015,,Oceania
San Marino,2015,,Europe
Sao Tome and Principe,2000,0.32125893,
Sao Tome and Principe,2010,0.3082127,
Sao Tome and Principe,2015,,Africa
Sao Tome and Principe,2017,0.4072948,
Saudi Arabia,2015,,Asia
Saxony,2015,,Europe
Senegal,1991,0.5404016,
Senegal,1994,0.39245197,
Senegal,2001,0.41229436,
Senegal,2005,0.3921271,
Senegal,2011,0.40274113,
Senegal,2015,,Africa
Senegal,2018,0.38314784,
Senegal,2021,0.3615772,
Serbia,2012,0.39887607,
Serbia,2013,0.3944599,
Serbia,2014,0.40437588,
Serbia,2015,0.40461844,Europe
Serbia,2016,0.38775226,
Serbia,2017,0.36105734,
Serbia,2018,0.35003355,
Serbia,2019,0.34475464,
Serbia,2020,0.34950927,
Serbia,2021,0.3312897,
Serbia and Montenegro,2015,,Europe
Serbia excluding Kosovo,2015,,Europe
Seychelles,1999,0.42776692,
Seychelles,2006,0.42767617,
Seychelles,2013,0.46822062,
Seychelles,2015,,Africa
Seychelles,2018,0.3212532,
Sierra Leone,2003,0.40167344,
Sierra Leone,2011,0.34030157,
Sierra Leone,2015,,Africa
Sierra Leone,2018,0.35690176,
Singapore,2015,,Asia
Sint Maarten (Dutch part),2015,,North America
Slovakia,1992,0.20186578,
Slovakia,1996,0.26275486,
Slovakia,2004,0.2707678,
Slovakia,2005,0.29296494,
Slovakia,2006,0.25797036,
Slovakia,2007,0.24664712,
Slovakia,2008,0.26024988,
Slovakia,2009,0.2723098,
Slovakia,2010,0.2731572,
Slovakia,2011,0.2653828,
Slovakia,2012,0.26115808,
Slovakia,2013,0.28086153,
Slovakia,2014,0.26103425,
Slovakia,2015,0.26491234,Europe
Slovakia,2016,0.2515492,
Slovakia,2017,0.23237365,
Slovakia,2018,0.24970019,
Slovakia,2019,0.23232324,
Slovakia,2020,0.24219424,
Slovakia,2021,0.2411022,
Slovenia,1987,0.2359837,
Slovenia,1993,0.2911778,
Slovenia,1997,0.241215,
Slovenia,1999,0.24042886,
Slovenia,2004,0.24790733,
Slovenia,2005,0.24634741,
Slovenia,2006,0.24363928,
Slovenia,2007,0.24354753,
Slovenia,2008,0.23718019,
Slovenia,2009,0.24787736,
Slovenia,2010,0.24933259,
Slovenia,2011,0.24868034,
Slovenia,2012,0.25585502,
Slovenia,2013,0.26241106,
Slovenia,2014,0.25657535,
Slovenia,2015,0.25408465,Europe
Slovenia,2016,0.24757937,
Slovenia,2017,0.24219307,
Slovenia,2018,0.24633364,
Slovenia,2019,0.24384232,
Slovenia,2020,0.24031529,
Slovenia,2021,0.2428228,
Solomon Islands,2005,0.46088147,
Solomon Islands,2012,0.37054926,
Solomon Islands,2015,,Oceania
Somalia,2015,,Africa
Somaliland,2015,,Africa
South Africa,1993,0.5933394,
South Africa,2000,0.5776966,
South Africa,2005,0.6476209,
South Africa,2008,0.63009,
South Africa,2010,0.6338269,
South Africa,2014,0.630258,
South Africa,2015,,Africa
South Georgia and the South Sandwich Islands,2015,,South America
South Korea,2006,0.31702983,
South Korea,2008,0.32324833,
South Korea,2010,0.32021224,
South Korea,2012,0.31558052,
South Korea,2014,0.31192905,
South Korea,2015,,Asia
South Korea,2016,0.35222206,
South Korea,2017,0.34854642,
South Korea,2018,0.33725032,
South Korea,2019,0.33196163,
South Korea,2020,0.32708606,
South Korea,2021,0.32906574,
South Ossetia,2015,,Asia
South Sudan,2009,0.46318194,
South Sudan,2015,,Africa
South Sudan,2016,0.44057786,
Spain,1980,0.34483546,
Spain,1985,0.34431675,
Spain,1990,0.32023215,
Spain,1993,0.3565849,
Spain,1994,0.35103723,
Spain,1995,0.35726634,
Spain,1996,0.36464584,
Spain,1997,0.35324422,
Spain,1998,0.34580052,
Spain,1999,0.3379193,
Spain,2000,0.34128913,
Spain,2003,0.31800938,
Spain,2004,0.33301964,
Spain,2005,0.32431775,
Spain,2006,0.33541158,
Spain,2007,0.3413741,
Spain,2008,0.342204,
Spain,2009,0.34924084,
Spain,2010,0.35244486,
Spain,2011,0.35693976,
Spain,2012,0.35403663,
Spain,2013,0.36181897,
Spain,2014,0.3605231,
Spain,2015,0.3617834,Europe
Spain,2016,0.35757092,
Spain,2017,0.3465126,
Spain,2018,0.3471633,
Spain,2019,0.34303716,
Spain,2020,0.34863645,
Spain,2021,0.3388591,
Sri Lanka,1985,0.32467854,
Sri Lanka,1990,0.32447433,
Sri Lanka,1995,0.35399538,
Sri Lanka,2002,0.40171906,
Sri Lanka,2006,0.3966902,
Sri Lanka,2009,0.36054152,
Sri Lanka,2012,0.38713607,
Sri Lanka,2015,,Asia
Sri Lanka,2016,0.39345774,
Sri Lanka,2019,0.37663776,
Sudan,2009,0.35395128,
Sudan,2014,0.3424273,
Sudan,2015,,Africa
Suriname,2015,,South America
Suriname,2022,0.39179897,
Suriname (urban),1999,0.5754272,
Svalbard and Jan Mayen,2015,,Europe
Sweden,1975,0.24283695,
Sweden,1981,0.22923574,
Sweden,1987,0.23057628,
Sweden,1992,0.24908733,
Sweden,1995,0.25236505,
Sweden,2000,0.2696006,
Sweden,2001,0.2654536,
Sweden,2002,0.26216906,
Sweden,2003,0.25268546,
Sweden,2004,0.2614015,
Sweden,2005,0.26821113,
Sweden,2006,0.26351255,
Sweden,2007,0.27114177,
Sweden,2008,0.2811921,
Sweden,2009,0.27339876,
Sweden,2010,0.27736187,
Sweden,2011,0.27605262,
Sweden,2012,0.27643898,
Sweden,2013,0.28822792,
Sweden,2014,0.28388658,
Sweden,2015,0.29209688,Europe
Sweden,2016,0.29561213,
Sweden,2017,0.28774142,
Sweden,2018,0.29971606,
Sweden,2019,0.2930465,
Sweden,2020,0.28870627,
Sweden,2021,0.29765385,
Switzerland,1982,0.3600527,
Switzerland,1992,0.33854857,
Switzerland,2000,0.33431056,
Switzerland,2002,0.31686732,
Switzerland,2004,0.31564513,
Switzerland,2006,0.33918807,
Switzerland,2007,0.34255534,
Switzerland,2008,0.337947,
Switzerland,2009,0.32855856,
Switzerland,2010,0.3255303,
Switzerland,2011,0.3171362,
Switzerland,2012,0.31567127,
Switzerland,2013,0.3246219,
Switzerland,2014,0.3252566,
Switzerland,2015,0.32306957,Europe
Switzerland,2016,0.33042452,
Switzerland,2017,0.32676333,
Switzerland,2018,0.3314104,
Switzerland,2019,0.3399834,
Switzerland,2020,0.33737928,
Syria,1996,0.3516938,
Syria,2003,0.37514603,
Syria,2006,0.4014725,
Syria,2009,0.40394777,
Syria,2015,,Asia
Syria,2022,0.26628006,
Taiwan,1981,0.29969484,
Taiwan,1986,0.29707956,
Taiwan,1991,0.29967803,
Taiwan,1995,0.3132387,
Taiwan,1997,0.30822107,
Taiwan,2000,0.31111476,
Taiwan,2005,0.32179585,
Taiwan,2007,0.32124567,
Taiwan,2010,0.33213326,
Taiwan,2013,0.32487386,
Taiwan,2015,,Asia
Taiwan,2016,0.31448635,
Taiwan,2017,0.31754693,
Taiwan,2018,0.31633675,
Taiwan,2019,0.3119192,
Taiwan,2020,0.31231022,
Taiwan,2021,0.31566375,
Tajikistan,1999,0.2953486,
Tajikistan,2003,0.3271972,
Tajikistan,2004,0.3360195,
Tajikistan,2007,0.32182014,
Tajikistan,2009,0.30774954,
Tajikistan,2015,0.3399559,Asia
Tanzania,1991,0.35275686,
Tanzania,2000,0.37266687,
Tanzania,2007,0.40277025,
Tanzania,2011,0.3778315,
Tanzania,2015,,Africa
Tanzania,2018,0.4049123,
Thailand,1981,0.4521682,
Thailand,1988,0.43838593,
Thailand,1990,0.45265648,
Thailand,1992,0.47857958,
Thailand,1994,0.43470213,
Thailand,1996,0.42904922,
Thailand,1998,0.41455793,
Thailand,1999,0.43091586,
Thailand,2000,0.42833668,
Thailand,2002,0.41944495,
Thailand,2004,0.42540312,
Thailand,2006,0.41819033,
Thailand,2007,0.39761516,
Thailand,2008,0.40288273,
Thailand,2009,0.39601263,
Thailand,2010,0.3940277,
Thailand,2011,0.37459034,
Thailand,2012,0.39256668,
Thailand,2013,0.37847108,
Thailand,2014,0.37032664,
Thailand,2015,0.35987332,Asia
Thailand,2016,0.3689063,
Thailand,2017,0.36382803,
Thailand,2018,0.36412174,
Thailand,2019,0.34855723,
Thailand,2020,0.34985816,
Thailand,2021,0.34923872,
Togo,2006,0.42211255,
Togo,2011,0.4601219,
Togo,2015,0.43023092,Africa
Togo,2018,0.42534238,
Togo,2021,0.37858006,
Tokelau,2015,,Oceania
Tonga,2000,0.37690175,
Tonga,2009,0.3749649,
Tonga,2015,0.33521304,Oceania
Tonga,2021,0.27095765,
Transnistria,2015,,Europe
Trinidad and Tobago,1988,0.4260131,
Trinidad and Tobago,1992,0.40185452,
Trinidad and Tobago,2015,,North America
Tunisia,1985,0.4343376,
Tunisia,1990,0.40102237,
Tunisia,1995,0.41657296,
Tunisia,2000,0.40809476,
Tunisia,2005,0.37733382,
Tunisia,2010,0.35808256,
Tunisia,2015,0.32815883,Africa
Tunisia,2021,0.33716425,
Turkey,1987,0.4103413,
Turkey,1994,0.413152,
Turkey,2002,0.41396376,
Turkey,2003,0.42184338,
Turkey,2004,0.4128751,
Turkey,2005,0.42614657,
Turkey,2006,0.39647412,
Turkey,2007,0.384428,
Turkey,2008,0.3902054,
Turkey,2009,0.3896531,
Turkey,2010,0.3878508,
Turkey,2011,0.40039355,
Turkey,2012,0.40168938,
Turkey,2013,0.401785,
Turkey,2014,0.41236562,
Turkey,2015,0.42854458,Asia
Turkey,2016,0.41873705,
Turkey,2017,0.4353174,
Turkey,2018,0.42441463,
Turkey,2019,0.4383382,
Turkey,2020,0.43045047,
Turkey,2021,0.44364843,
Turkmenistan,1998,0.40806928,
Turkmenistan,2015,,Asia
Turks and Caicos Islands,2015,,North America
Tuscany,2015,,Europe
Tuvalu,2010,0.39139032,
Tuvalu,2015,,Oceania
Two Sicilies,2015,,Europe
USSR,2015,,Europe
Uganda,1989,0.44362718,
Uganda,1992,0.41423506,
Uganda,1996,0.39042878,
Uganda,1999,0.42997676,
Uganda,2002,0.4516984,
Uganda,2005,0.4294434,
Uganda,2009,0.44190434,
Uganda,2012,0.41009575,
Uganda,2015,,Africa
Uganda,2016,0.42753503,
Uganda,2019,0.42702642,
Ukraine,1992,0.2970884,
Ukraine,1993,0.28926983,
Ukraine,1995,0.39231017,
Ukraine,1996,0.35153562,
Ukraine,2002,0.29045695,
Ukraine,2003,0.28664893,
Ukraine,2004,0.28934017,
Ukraine,2005,0.29020715,
Ukraine,2006,0.29794392,
Ukraine,2007,0.27012688,
Ukraine,2008,0.2663823,
Ukraine,2009,0.25316665,
Ukraine,2010,0.24818976,
Ukraine,2011,0.24551843,
Ukraine,2012,0.24740657,
Ukraine,2013,0.24554986,
Ukraine,2014,0.24025366,
Ukraine,2015,0.2545754,Europe
Ukraine,2016,0.25002202,
Ukraine,2017,0.26049048,
Ukraine,2018,0.26071486,
Ukraine,2019,0.26619467,
Ukraine,2020,0.25627363,
United Arab Emirates,2013,0.3251042,
United Arab Emirates,2015,,Asia
United Arab Emirates,2018,0.26399004,
United Kingdom,1968,0.2684166,
United Kingdom,1969,0.27904898,
United Kingdom,1970,0.27964503,
United Kingdom,1971,0.2929356,
United Kingdom,1972,0.28776282,
United Kingdom,1973,0.2881038,
United Kingdom,1974,0.28957152,
United Kingdom,1975,0.27880856,
United Kingdom,1976,0.27589646,
United Kingdom,1977,0.27141878,
United Kingdom,1978,0.2723537,
United Kingdom,1979,0.2743262,
United Kingdom,1980,0.28477892,
United Kingdom,1981,0.2968705,
United Kingdom,1982,0.29903,
United Kingdom,1983,0.29786685,
United Kingdom,1984,0.29166204,
United Kingdom,1985,0.30419374,
United Kingdom,1986,0.31919184,
United Kingdom,1987,0.3385342,
United Kingdom,1988,0.34272873,
United Kingdom,1989,0.33354205,
United Kingdom,1990,0.3574197,
United Kingdom,1991,0.34962818,
United Kingdom,1992,0.34955472,
United Kingdom,1993,0.3507596,
United Kingdom,1994,0.35978922,
United Kingdom,1995,0.3551664,
United Kingdom,1996,0.3529524,
United Kingdom,1997,0.35735163,
United Kingdom,1998,0.36621472,
United Kingdom,1999,0.3678378,
United Kingdom,2000,0.38848642,
United Kingdom,2001,0.37086216,
United Kingdom,2002,0.35146394,
United Kingdom,2003,0.34856063,
United Kingdom,2004,0.34834158,
United Kingdom,2005,0.35485032,
United Kingdom,2006,0.35879987,
United Kingdom,2007,0.34413147,
United Kingdom,2008,0.35445124,
United Kingdom,2009,0.35137364,
United Kingdom,2010,0.337056,
United Kingdom,2011,0.33191085,
United Kingdom,2012,0.33090645,
United Kingdom,2013,0.32699567,
United Kingdom,2014,0.3314094,
United Kingdom,2015,0.33311963,Europe
United Kingdom,2016,0.33109283,
United Kingdom,2017,0.3260817,
United Kingdom,2018,0.33689743,
United Kingdom,2019,0.32824126,
United Kingdom,2020,0.32644516,
United Kingdom,2021,0.32414576,
United States,1963,0.3759994,
United States,1964,0.3813833,
United States,1965,0.37497944,
United States,1966,0.37782517,
United States,1967,0.36886352,
United States,1968,0.36326116,
United States,1969,0.36014515,
United States,1970,0.36631274,
United States,1971,0.3691743,
United States,1972,0.36661345,
United States,1973,0.36112794,
United States,1974,0.35476592,
United States,1975,0.35648412,
United States,1976,0.35560542,
United States,1977,0.35504344,
United States,1978,0.34790027,
United States,1979,0.34758896,
United States,1980,0.34716922,
United States,1981,0.35487545,
United States,1982,0.3666043,
United States,1983,0.37292022,
United States,1984,0.37344342,
United States,1985,0.37640676,
United States,1986,0.3755635,
United States,1987,0.37196118,
United States,1988,0.37705094,
United States,1989,0.38237965,
United States,1990,0.38262504,
United States,1991,0.38044858,
United States,1992,0.38372815,
United States,1993,0.4036311,
United States,1994,0.39985397,
United States,1995,0.39853615,
United States,1996,0.40308332,
United States,1997,0.40524158,
United States,1998,0.39951783,
United States,1999,0.39984423,
United States,2000,0.40138903,
United States,2001,0.40594307,
United States,2002,0.40352058,
United States,2003,0.40770072,
United States,2004,0.40250537,
United States,2005,0.40962887,
United States,2006,0.413959,
United States,2007,0.40795898,
United States,2008,0.40809166,
United States,2009,0.40608335,
United States,2010,0.40007547,
United States,2011,0.40934193,
United States,2012,0.4093412,
United States,2013,0.40649238,
United States,2014,0.41508022,
United States,2015,0.41235605,North America
United States,2016,0.41118968,
United States,2017,0.41177237,
United States,2018,0.4140517,
United States,2019,0.41533518,
United States,2020,0.39682114,
United States,2021,0.39696464,
United States,2022,0.41334125,
United States Minor Outlying Islands,2015,,Oceania
United States Virgin Islands,2015,,North America
Uruguay,2006,0.4594136,
Uruguay,2007,0.46404734,
Uruguay,2008,0.4508151,
Uruguay,2009,0.45541507,
Uruguay,2010,0.44474792,
Uruguay,2011,0.42175132,
Uruguay,2012,0.39900422,
Uruguay,2013,0.40450785,
Uruguay,2014,0.40110928,
Uruguay,2015,0.40128586,South America
Uruguay,2016,0.3969534,
Uruguay,2017,0.39464375,
Uruguay,2018,0.39687112,
Uruguay,2019,0.3967629,
Uruguay,2020,0.40155584,
Uruguay,2021,0.40776816,
Uruguay,2022,0.40551677,
Uruguay (urban),1981,0.43645427,
Uruguay (urban),1989,0.42369017,
Uruguay (urban),1992,0.41468027,
Uruguay (urban),1995,0.4092631,
Uruguay (urban),1996,0.40751207,
Uruguay (urban),1997,0.41456702,
Uruguay (urban),1998,0.4248223,
Uruguay (urban),2000,0.42907074,
Uruguay (urban),2001,0.45007667,
Uruguay (urban),2002,0.45544198,
Uruguay (urban),2003,0.4503368,
Uruguay (urban),2004,0.45880932,
Uruguay (urban),2005,0.44727546,
Uzbekistan,1998,0.44268507,
Uzbekistan,2000,0.36011636,
Uzbekistan,2002,0.33036503,
Uzbekistan,2003,0.3526095,
Uzbekistan,2015,,Asia
Uzbekistan,2022,0.31184828,
Vanuatu,2010,0.37351298,
Vanuatu,2015,,Oceania
Vanuatu,2019,0.32317576,
Vatican,2015,,Europe
Venezuela,1981,0.5560985,
Venezuela,1987,0.5344797,
Venezuela,1989,0.43776318,
Venezuela,1992,0.42061847,
Venezuela,1995,0.4716726,
Venezuela,1998,0.47999668,
Venezuela,1999,0.47699356,
Venezuela,2001,0.4717132,
Venezuela,2002,0.48879746,
Venezuela,2003,0.47908917,
Venezuela,2004,0.4731904,
Venezuela,2005,0.49318564,
Venezuela,2006,0.44699317,
Venezuela,2015,,South America
Vietnam,1992,0.35654002,
Vietnam,1997,0.35442206,
Vietnam,2002,0.37029624,
Vietnam,2004,0.36785832,
Vietnam,2006,0.35788617,
Vietnam,2008,0.35570312,
Vietnam,2010,0.39252725,
Vietnam,2012,0.35645887,
Vietnam,2014,0.34755376,
Vietnam,2015,,Asia
Vietnam,2016,0.3526674,
Vietnam,2018,0.35715547,
Vietnam,2020,0.36790165,
Vietnam,2022,0.36093006,
Wallis and Futuna,2015,,Oceania
West Germany,2015,,Europe
Western Sahara,2015,,Africa
Wuerttemburg,2015,,Europe
Yemen,1998,0.34997785,
Yemen,2005,0.34732336,
Yemen,2014,0.36707094,
Yemen,2015,,Asia
Yemen Arab Republic,2015,,Asia
Yemen People's Republic,2015,,Asia
Yugoslavia,2015,,Europe
Zambia,1991,0.5940293,
Zambia,1993,0.5255011,
Zambia,1996,0.48328376,
Zambia,1998,0.4912212,
Zambia,2002,0.4205863,
Zambia,2004,0.54263926,
Zambia,2006,0.54569334,
Zambia,2010,0.52011114,
Zambia,2015,0.5583758,Africa
Zambia,2022,0.51483124,
Zanzibar,2015,,Africa
Zimbabwe,2011,0.43153575,
Zimbabwe,2015,,Africa
Zimbabwe,2017,0.44337082,
Zimbabwe,2019,0.5025645,